run_id,system,architecture,adversarial,fgm_epsilon,model_name,source,target,seed,in_domain,n_train,n_val,n_eval_total,n_removed_train_seen,n_removed_all_source,n_eval_clean,val_macro_f1,val_accuracy,test_macro_f1,test_accuracy,test_weighted_f1,test_precision_macro,test_recall_macro,test_recall_class_0,test_recall_class_1,temperature,ece,ece_temperature_scaled,brier,brier_temperature_scaled,confusion_matrix,train_seconds,best_checkpoint,prediction_path
18_vanilla_ben_sarc_binary_seed42,vanilla,BanglaBERT standard classification head,False,,csebuetnlp/banglabert,ben_sarc_binary,ben_sarc_binary,42,True,20498,2562,2563,0,0,2563,0.7954403747169662,0.795472287275566,0.788894039982126,0.7889192352711666,0.7888949398138775,0.7890481551472264,0.7889150929034819,0.7782982045277127,0.7995319812792512,0.9927002249064595,0.027751132447137623,0.028286403780317167,0.2928709802200711,0.2929478633332921,"[[997, 284], [257, 1025]]",88.77131700515747,/workspace/Sarcasm_detection/03_checkpoints/18_multiseed_cross_corpus/vanilla/ben_sarc_binary/best_by_validation,04_outputs/predictions/18_multiseed_cross_corpus/18_vanilla_ben_sarc_binary_seed42_to_ben_sarc_binary.csv
18_vanilla_ben_sarc_binary_seed42,vanilla,BanglaBERT standard classification head,False,,csebuetnlp/banglabert,ben_sarc_binary,banglasarc_binary,42,False,20498,2562,464,0,0,464,0.7954403747169662,0.795472287275566,0.6135967900673782,0.6443965517241379,0.6446316644085406,0.613449867940886,0.6137503032263281,0.7214765100671141,0.5060240963855421,0.9927002249064595,0.14747605722742999,0.14870227569804842,0.4721119011744895,0.47289090852717025,"[[215, 83], [82, 84]]",88.77131700515747,/workspace/Sarcasm_detection/03_checkpoints/18_multiseed_cross_corpus/vanilla/ben_sarc_binary/best_by_validation,04_outputs/predictions/18_multiseed_cross_corpus/18_vanilla_ben_sarc_binary_seed42_to_banglasarc_binary.csv
18_vanilla_ben_sarc_binary_seed42,vanilla,BanglaBERT standard classification head,False,,csebuetnlp/banglabert,ben_sarc_binary,banglasarc3_binary,42,False,20498,2562,791,0,0,791,0.7954403747169662,0.795472287275566,0.6586331901181526,0.6586599241466498,0.6586370092650808,0.6586923991865863,0.6586497890295359,0.6666666666666666,0.6506329113924051,0.9927002249064595,0.13159558996892698,0.1315982272050184,0.4687256928149816,0.469452556020708,"[[264, 132], [138, 257]]",88.77131700515747,/workspace/Sarcasm_detection/03_checkpoints/18_multiseed_cross_corpus/vanilla/ben_sarc_binary/best_by_validation,04_outputs/predictions/18_multiseed_cross_corpus/18_vanilla_ben_sarc_binary_seed42_to_banglasarc3_binary.csv
18_vanilla_ben_sarc_binary_seed1,vanilla,BanglaBERT standard classification head,False,,csebuetnlp/banglabert,ben_sarc_binary,ben_sarc_binary,1,True,20498,2562,2563,0,0,2563,0.799951198086965,0.8001561280249805,0.7997029406589691,0.7998439328911432,0.7997050140741481,0.8006678325393268,0.7998337029499916,0.7736143637782982,0.8260530421216848,0.9863873924449297,0.02796000946189978,0.0274148923214921,0.2844025228601335,0.28443917384000217,"[[991, 290], [223, 1059]]",87.30157089233398,/workspace/Sarcasm_detection/03_checkpoints/18_multiseed_cross_corpus/vanilla/ben_sarc_binary/best_by_validation,04_outputs/predictions/18_multiseed_cross_corpus/18_vanilla_ben_sarc_binary_seed1_to_ben_sarc_binary.csv
18_vanilla_ben_sarc_binary_seed1,vanilla,BanglaBERT standard classification head,False,,csebuetnlp/banglabert,ben_sarc_binary,banglasarc_binary,1,False,20498,2562,464,0,0,464,0.799951198086965,0.8001561280249805,0.602753487635534,0.6271551724137931,0.6307623779897097,0.6016471228827567,0.605664267809493,0.6812080536912751,0.5301204819277109,0.9863873924449297,0.15366649540462307,0.1559832152813055,0.4984429509742127,0.5001169940538616,"[[203, 95], [78, 88]]",87.30157089233398,/workspace/Sarcasm_detection/03_checkpoints/18_multiseed_cross_corpus/vanilla/ben_sarc_binary/best_by_validation,04_outputs/predictions/18_multiseed_cross_corpus/18_vanilla_ben_sarc_binary_seed1_to_banglasarc_binary.csv
18_vanilla_ben_sarc_binary_seed1,vanilla,BanglaBERT standard classification head,False,,csebuetnlp/banglabert,ben_sarc_binary,banglasarc3_binary,1,False,20498,2562,791,0,0,791,0.799951198086965,0.8001561280249805,0.6306764397369969,0.6308470290771175,0.6306664050699311,0.6311317370639404,0.6308752077739419,0.6085858585858586,0.6531645569620254,0.9863873924449297,0.14816599446570697,0.15079620626110166,0.49180188563688576,0.49335368637287896,"[[241, 155], [137, 258]]",87.30157089233398,/workspace/Sarcasm_detection/03_checkpoints/18_multiseed_cross_corpus/vanilla/ben_sarc_binary/best_by_validation,04_outputs/predictions/18_multiseed_cross_corpus/18_vanilla_ben_sarc_binary_seed1_to_banglasarc3_binary.csv
18_vanilla_ben_sarc_binary_seed7,vanilla,BanglaBERT standard classification head,False,,csebuetnlp/banglabert,ben_sarc_binary,ben_sarc_binary,7,True,20498,2562,2563,0,0,2563,0.7926146458583434,0.7927400468384075,0.7895683587481434,0.7896995708154506,0.7895663085595918,0.7904451669696633,0.7897094338106077,0.8149882903981265,0.7644305772230889,1.0845220371105186,0.032611056773473215,0.036055369285174645,0.29057613553620426,0.28953774390001646,"[[1044, 237], [302, 980]]",85.60402846336365,/workspace/Sarcasm_detection/03_checkpoints/18_multiseed_cross_corpus/vanilla/ben_sarc_binary/best_by_validation,04_outputs/predictions/18_multiseed_cross_corpus/18_vanilla_ben_sarc_binary_seed7_to_ben_sarc_binary.csv
18_vanilla_ben_sarc_binary_seed7,vanilla,BanglaBERT standard classification head,False,,csebuetnlp/banglabert,ben_sarc_binary,banglasarc_binary,7,False,20498,2562,464,0,0,464,0.7926146458583434,0.7927400468384075,0.608218406980017,0.6443965517241379,0.6420873084425982,0.6098985456129795,0.6070793240074391,0.738255033557047,0.4759036144578313,1.0845220371105186,0.1608976821645658,0.1594936484594189,0.48115604145294244,0.4713123343019686,"[[220, 78], [87, 79]]",85.60402846336365,/workspace/Sarcasm_detection/03_checkpoints/18_multiseed_cross_corpus/vanilla/ben_sarc_binary/best_by_validation,04_outputs/predictions/18_multiseed_cross_corpus/18_vanilla_ben_sarc_binary_seed7_to_banglasarc_binary.csv
18_vanilla_ben_sarc_binary_seed7,vanilla,BanglaBERT standard classification head,False,,csebuetnlp/banglabert,ben_sarc_binary,banglasarc3_binary,7,False,20498,2562,791,0,0,791,0.7926146458583434,0.7927400468384075,0.6503900995426419,0.6510745891276865,0.6504096563879288,0.6521774141596342,0.6510196905766525,0.6944444444444444,0.6075949367088608,1.0845220371105186,0.160466373349026,0.14622083102478117,0.4870748583936886,0.4779984537349043,"[[275, 121], [155, 240]]",85.60402846336365,/workspace/Sarcasm_detection/03_checkpoints/18_multiseed_cross_corpus/vanilla/ben_sarc_binary/best_by_validation,04_outputs/predictions/18_multiseed_cross_corpus/18_vanilla_ben_sarc_binary_seed7_to_banglasarc3_binary.csv
18_vanilla_ben_sarc_binary_seed123,vanilla,BanglaBERT standard classification head,False,,csebuetnlp/banglabert,ben_sarc_binary,ben_sarc_binary,123,True,20498,2562,2563,0,0,2563,0.7964593929625499,0.7966432474629196,0.7994745662907098,0.7998439328911432,0.7994712084125242,0.802106952501546,0.7998608000526111,0.8430913348946136,0.7566302652106084,1.251751159145164,0.0377713690492827,0.02009436746836495,0.2821939946463074,0.279663532133204,"[[1080, 201], [312, 970]]",119.75155258178711,/workspace/Sarcasm_detection/03_checkpoints/18_multiseed_cross_corpus/vanilla/ben_sarc_binary/best_by_validation,04_outputs/predictions/18_multiseed_cross_corpus/18_vanilla_ben_sarc_binary_seed123_to_ben_sarc_binary.csv
18_vanilla_ben_sarc_binary_seed123,vanilla,BanglaBERT standard classification head,False,,csebuetnlp/banglabert,ben_sarc_binary,banglasarc_binary,123,False,20498,2562,464,0,0,464,0.7964593929625499,0.7966432474629196,0.5933601402206413,0.6336206896551724,0.629760089024464,0.5959851551956815,0.5920190830435837,0.738255033557047,0.4457831325301205,1.251751159145164,0.18690842027214222,0.15192364925657603,0.5126245327719195,0.4854873829339254,"[[220, 78], [92, 74]]",119.75155258178711,/workspace/Sarcasm_detection/03_checkpoints/18_multiseed_cross_corpus/vanilla/ben_sarc_binary/best_by_validation,04_outputs/predictions/18_multiseed_cross_corpus/18_vanilla_ben_sarc_binary_seed123_to_banglasarc_binary.csv
18_vanilla_ben_sarc_binary_seed123,vanilla,BanglaBERT standard classification head,False,,csebuetnlp/banglabert,ben_sarc_binary,banglasarc3_binary,123,False,20498,2562,791,0,0,791,0.7964593929625499,0.7966432474629196,0.6526698717948718,0.6536030341340076,0.6526926318519239,0.6551653960460008,0.6535385500575375,0.7045454545454546,0.6025316455696202,1.251751159145164,0.17710589148993078,0.1384405828056021,0.5017217641402548,0.4759111603522928,"[[279, 117], [157, 238]]",119.75155258178711,/workspace/Sarcasm_detection/03_checkpoints/18_multiseed_cross_corpus/vanilla/ben_sarc_binary/best_by_validation,04_outputs/predictions/18_multiseed_cross_corpus/18_vanilla_ben_sarc_binary_seed123_to_banglasarc3_binary.csv
18_vanilla_ben_sarc_binary_seed2024,vanilla,BanglaBERT standard classification head,False,,csebuetnlp/banglabert,ben_sarc_binary,ben_sarc_binary,2024,True,20498,2562,2563,0,0,2563,0.7893699488487329,0.7903981264637002,0.7794225562620212,0.7807257120561841,0.7794159412579899,0.7875864813414868,0.7807558203967503,0.8579234972677595,0.7035881435257411,1.3138853035355904,0.06063595140867899,0.025157218558934547,0.30701290837737794,0.29944411518075087,"[[1099, 182], [380, 902]]",117.33515906333923,/workspace/Sarcasm_detection/03_checkpoints/18_multiseed_cross_corpus/vanilla/ben_sarc_binary/best_by_validation,04_outputs/predictions/18_multiseed_cross_corpus/18_vanilla_ben_sarc_binary_seed2024_to_ben_sarc_binary.csv
18_vanilla_ben_sarc_binary_seed2024,vanilla,BanglaBERT standard classification head,False,,csebuetnlp/banglabert,ben_sarc_binary,banglasarc_binary,2024,False,20498,2562,464,0,0,464,0.7893699488487329,0.7903981264637002,0.5352804342207289,0.5991379310344828,0.5842873503801214,0.5431576970038509,0.5371553327403573,0.7550335570469798,0.3192771084337349,1.3138853035355904,0.24226132864788558,0.1994161375300805,0.5704942272724551,0.5270194509422267,"[[225, 73], [113, 53]]",117.33515906333923,/workspace/Sarcasm_detection/03_checkpoints/18_multiseed_cross_corpus/vanilla/ben_sarc_binary/best_by_validation,04_outputs/predictions/18_multiseed_cross_corpus/18_vanilla_ben_sarc_binary_seed2024_to_banglasarc_binary.csv
18_vanilla_ben_sarc_binary_seed2024,vanilla,BanglaBERT standard classification head,False,,csebuetnlp/banglabert,ben_sarc_binary,banglasarc3_binary,2024,False,20498,2562,791,0,0,791,0.7893699488487329,0.7903981264637002,0.6281793712732939,0.6308470290771175,0.6282191870614107,0.6345445334807036,0.6307409538422197,0.7146464646464646,0.5468354430379747,1.3138853035355904,0.20753738275850958,0.16324419431729753,0.5437999599253995,0.506329960459072,"[[283, 113], [179, 216]]",117.33515906333923,/workspace/Sarcasm_detection/03_checkpoints/18_multiseed_cross_corpus/vanilla/ben_sarc_binary/best_by_validation,04_outputs/predictions/18_multiseed_cross_corpus/18_vanilla_ben_sarc_binary_seed2024_to_banglasarc3_binary.csv
18_vanilla_banglasarc_binary_seed42,vanilla,BanglaBERT standard classification head,False,,csebuetnlp/banglabert,banglasarc_binary,ben_sarc_binary,42,False,3708,463,2563,0,0,2563,0.9744061348891669,0.9762419006479481,0.3484234939492279,0.4982442450253609,0.34830158935111877,0.48027142113163623,0.4984314126663427,0.9781420765027322,0.0187207488299532,1.5025877776422452,0.49751839033475453,0.4858410014295814,0.9954003949663832,0.9729411009099945,"[[1253, 28], [1258, 24]]",43.6186637878418,/workspace/Sarcasm_detection/03_checkpoints/18_multiseed_cross_corpus/vanilla/banglasarc_binary/best_by_validation,04_outputs/predictions/18_multiseed_cross_corpus/18_vanilla_banglasarc_binary_seed42_to_ben_sarc_binary.csv
18_vanilla_banglasarc_binary_seed42,vanilla,BanglaBERT standard classification head,False,,csebuetnlp/banglabert,banglasarc_binary,banglasarc_binary,42,True,3708,463,464,0,0,464,0.9744061348891669,0.9762419006479481,0.9718605967494138,0.9741379310344828,0.9741379310344828,0.9718605967494138,0.9718605967494138,0.9798657718120806,0.963855421686747,1.5025877776422452,0.02417428822082747,0.010845114819109642,0.04860414624384216,0.04554335672467041,"[[292, 6], [6, 160]]",43.6186637878418,/workspace/Sarcasm_detection/03_checkpoints/18_multiseed_cross_corpus/vanilla/banglasarc_binary/best_by_validation,04_outputs/predictions/18_multiseed_cross_corpus/18_vanilla_banglasarc_binary_seed42_to_banglasarc_binary.csv
18_vanilla_banglasarc_binary_seed42,vanilla,BanglaBERT standard classification head,False,,csebuetnlp/banglabert,banglasarc_binary,banglasarc3_binary,42,False,3708,463,791,25,29,762,0.9744061348891669,0.9762419006479481,0.3432195898161245,0.4881889763779528,0.33512074140484915,0.5128889801786998,0.5008651532803442,0.9838274932614556,0.017902813299232736,1.5025877776422452,0.5093006945721344,0.49778469599984904,1.0166905646479638,0.9940428745509688,"[[365, 6], [384, 7]]",43.6186637878418,/workspace/Sarcasm_detection/03_checkpoints/18_multiseed_cross_corpus/vanilla/banglasarc_binary/best_by_validation,04_outputs/predictions/18_multiseed_cross_corpus/18_vanilla_banglasarc_binary_seed42_to_banglasarc3_binary.csv
18_vanilla_banglasarc_binary_seed1,vanilla,BanglaBERT standard classification head,False,,csebuetnlp/banglabert,banglasarc_binary,ben_sarc_binary,1,False,3708,463,2563,0,0,2563,0.9835872972466564,0.9848812095032398,0.34235930618485744,0.4962934061646508,0.3422351657816479,0.44413067445503956,0.4964822480487041,0.9804839968774395,0.0124804992199688,1.5406407396166035,0.5018111763943316,0.4927401906986808,1.0027826996787332,0.9856104185793354,"[[1256, 25], [1266, 16]]",58.001227140426636,/workspace/Sarcasm_detection/03_checkpoints/18_multiseed_cross_corpus/vanilla/banglasarc_binary/best_by_validation,04_outputs/predictions/18_multiseed_cross_corpus/18_vanilla_banglasarc_binary_seed1_to_ben_sarc_binary.csv
18_vanilla_banglasarc_binary_seed1,vanilla,BanglaBERT standard classification head,False,,csebuetnlp/banglabert,banglasarc_binary,banglasarc_binary,1,True,3708,463,464,0,0,464,0.9835872972466564,0.9848812095032398,0.9742397860044918,0.9762931034482759,0.976308777627236,0.9736184197262041,0.9748726449421848,0.9798657718120806,0.9698795180722891,1.5406407396166035,0.01944727457300198,0.010723750436297634,0.03934522004246934,0.037978995197172814,"[[292, 6], [5, 161]]",58.001227140426636,/workspace/Sarcasm_detection/03_checkpoints/18_multiseed_cross_corpus/vanilla/banglasarc_binary/best_by_validation,04_outputs/predictions/18_multiseed_cross_corpus/18_vanilla_banglasarc_binary_seed1_to_banglasarc_binary.csv
18_vanilla_banglasarc_binary_seed1,vanilla,BanglaBERT standard classification head,False,,csebuetnlp/banglabert,banglasarc_binary,banglasarc3_binary,1,False,3708,463,791,25,29,762,0.9835872972466564,0.9848812095032398,0.33408728730787024,0.4868766404199475,0.32571526795926325,0.4933862433862434,0.49979319045091375,0.9919137466307277,0.0076726342710997444,1.5406407396166035,0.5121571121859003,0.5045327763485303,1.0218306905781267,1.0054071185359432,"[[368, 3], [388, 3]]",58.001227140426636,/workspace/Sarcasm_detection/03_checkpoints/18_multiseed_cross_corpus/vanilla/banglasarc_binary/best_by_validation,04_outputs/predictions/18_multiseed_cross_corpus/18_vanilla_banglasarc_binary_seed1_to_banglasarc3_binary.csv
18_vanilla_banglasarc_binary_seed7,vanilla,BanglaBERT standard classification head,False,,csebuetnlp/banglabert,banglasarc_binary,ben_sarc_binary,7,False,3708,463,2563,0,0,2563,0.9812671953390517,0.9827213822894169,0.35038869742517803,0.5009754194303551,0.3502666660459194,0.5161561749484153,0.501163348641674,0.9828259172521467,0.01950078003120125,0.608362544281177,0.45372227692920747,0.4886071003707218,0.9148168150623138,0.9785353991619163,"[[1259, 22], [1257, 25]]",22.306240797042847,/workspace/Sarcasm_detection/03_checkpoints/18_multiseed_cross_corpus/vanilla/banglasarc_binary/best_by_validation,04_outputs/predictions/18_multiseed_cross_corpus/18_vanilla_banglasarc_binary_seed7_to_ben_sarc_binary.csv
18_vanilla_banglasarc_binary_seed7,vanilla,BanglaBERT standard classification head,False,,csebuetnlp/banglabert,banglasarc_binary,banglasarc_binary,7,True,3708,463,464,0,0,464,0.9812671953390517,0.9827213822894169,0.9695561107325813,0.9719827586206896,0.9720012826503699,0.9689409060666545,0.9701827444004205,0.9765100671140939,0.963855421686747,0.608362544281177,0.044357577694864925,0.01732495977918401,0.04811127877438787,0.048717294475665925,"[[291, 7], [6, 160]]",22.306240797042847,/workspace/Sarcasm_detection/03_checkpoints/18_multiseed_cross_corpus/vanilla/banglasarc_binary/best_by_validation,04_outputs/predictions/18_multiseed_cross_corpus/18_vanilla_banglasarc_binary_seed7_to_banglasarc_binary.csv
18_vanilla_banglasarc_binary_seed7,vanilla,BanglaBERT standard classification head,False,,csebuetnlp/banglabert,banglasarc_binary,banglasarc3_binary,7,False,3708,463,791,25,29,762,0.9812671953390517,0.9827213822894169,0.342574388508258,0.4868766404199475,0.334490228737295,0.49331550802139035,0.4995174443854654,0.9811320754716981,0.017902813299232736,0.608362544281177,0.4671004199020514,0.5031271838004493,0.9377066404925787,1.0059679160797903,"[[364, 7], [384, 7]]",22.306240797042847,/workspace/Sarcasm_detection/03_checkpoints/18_multiseed_cross_corpus/vanilla/banglasarc_binary/best_by_validation,04_outputs/predictions/18_multiseed_cross_corpus/18_vanilla_banglasarc_binary_seed7_to_banglasarc3_binary.csv
18_vanilla_banglasarc_binary_seed123,vanilla,BanglaBERT standard classification head,False,,csebuetnlp/banglabert,banglasarc_binary,ben_sarc_binary,123,False,3708,463,2563,0,0,2563,0.9836719682809973,0.9848812095032398,0.343006458082034,0.4962934061646508,0.34288263986872014,0.4466823551125877,0.496481943586877,0.9797033567525371,0.01326053042121685,1.1632404701249506,0.4967576286150311,0.49248181246537676,0.9950819167725757,0.9869619853104513,"[[1255, 26], [1265, 17]]",36.369274616241455,/workspace/Sarcasm_detection/03_checkpoints/18_multiseed_cross_corpus/vanilla/banglasarc_binary/best_by_validation,04_outputs/predictions/18_multiseed_cross_corpus/18_vanilla_banglasarc_binary_seed123_to_ben_sarc_binary.csv
18_vanilla_banglasarc_binary_seed123,vanilla,BanglaBERT standard classification head,False,,csebuetnlp/banglabert,banglasarc_binary,banglasarc_binary,123,True,3708,463,464,0,0,464,0.9836719682809973,0.9848812095032398,0.9695561107325813,0.9719827586206896,0.9720012826503699,0.9689409060666545,0.9701827444004205,0.9765100671140939,0.963855421686747,1.1632404701249506,0.02201149566783109,0.016954249368849674,0.04590776498883808,0.044980982581323034,"[[291, 7], [6, 160]]",36.369274616241455,/workspace/Sarcasm_detection/03_checkpoints/18_multiseed_cross_corpus/vanilla/banglasarc_binary/best_by_validation,04_outputs/predictions/18_multiseed_cross_corpus/18_vanilla_banglasarc_binary_seed123_to_banglasarc_binary.csv
18_vanilla_banglasarc_binary_seed123,vanilla,BanglaBERT standard classification head,False,,csebuetnlp/banglabert,banglasarc_binary,banglasarc3_binary,123,False,3708,463,791,25,29,762,0.9836719682809973,0.9848812095032398,0.33624728487886385,0.4868766404199475,0.32794814683252316,0.493368700265252,0.49972425393455167,0.9892183288409704,0.010230179028132993,1.1632404701249506,0.5074200690409618,0.5032295231765422,1.013673821844792,1.005364562056593,"[[367, 4], [387, 4]]",36.369274616241455,/workspace/Sarcasm_detection/03_checkpoints/18_multiseed_cross_corpus/vanilla/banglasarc_binary/best_by_validation,04_outputs/predictions/18_multiseed_cross_corpus/18_vanilla_banglasarc_binary_seed123_to_banglasarc3_binary.csv
18_vanilla_banglasarc_binary_seed2024,vanilla,BanglaBERT standard classification head,False,,csebuetnlp/banglabert,banglasarc_binary,ben_sarc_binary,2024,False,3708,463,2563,0,0,2563,0.985875533862111,0.9870410367170627,0.34670171601498273,0.4986344127975029,0.3465787931211457,0.48293619274556526,0.49882264611427546,0.9812646370023419,0.01638065522620905,1.1550566106601114,0.49639039098228227,0.49312235352468586,0.9927200929064884,0.986467450893483,"[[1257, 24], [1261, 21]]",36.27100729942322,/workspace/Sarcasm_detection/03_checkpoints/18_multiseed_cross_corpus/vanilla/banglasarc_binary/best_by_validation,04_outputs/predictions/18_multiseed_cross_corpus/18_vanilla_banglasarc_binary_seed2024_to_ben_sarc_binary.csv
18_vanilla_banglasarc_binary_seed2024,vanilla,BanglaBERT standard classification head,False,,csebuetnlp/banglabert,banglasarc_binary,banglasarc_binary,2024,True,3708,463,464,0,0,464,0.985875533862111,0.9870410367170627,0.9788096675817345,0.9806034482758621,0.9805635864826592,0.980830768603632,0.9768941537963935,0.9899328859060402,0.963855421686747,1.1550566106601114,0.014220015098411129,0.01135102675982062,0.03178314782467145,0.03100960990609048,"[[295, 3], [6, 160]]",36.27100729942322,/workspace/Sarcasm_detection/03_checkpoints/18_multiseed_cross_corpus/vanilla/banglasarc_binary/best_by_validation,04_outputs/predictions/18_multiseed_cross_corpus/18_vanilla_banglasarc_binary_seed2024_to_banglasarc_binary.csv
18_vanilla_banglasarc_binary_seed2024,vanilla,BanglaBERT standard classification head,False,,csebuetnlp/banglabert,banglasarc_binary,banglasarc3_binary,2024,False,3708,463,791,25,29,762,0.985875533862111,0.9870410367170627,0.33068108417389513,0.484251968503937,0.32226624119690656,0.4093915343915344,0.49716670917751843,0.9892183288409704,0.005115089514066497,1.1550566106601114,0.5129997161967993,0.509395284419035,1.0235490224073747,1.0169072192747972,"[[367, 4], [389, 2]]",36.27100729942322,/workspace/Sarcasm_detection/03_checkpoints/18_multiseed_cross_corpus/vanilla/banglasarc_binary/best_by_validation,04_outputs/predictions/18_multiseed_cross_corpus/18_vanilla_banglasarc_binary_seed2024_to_banglasarc3_binary.csv
18_vanilla_banglasarc3_binary_seed42,vanilla,BanglaBERT standard classification head,False,,csebuetnlp/banglabert,banglasarc3_binary,ben_sarc_binary,42,False,6328,791,2563,0,0,2563,0.7736983849184468,0.7737041719342604,0.6695372938702107,0.6699180647678502,0.669541670547195,0.6706825466735178,0.6699049226606066,0.6362217017954723,0.7035881435257411,1.2991432076255847,0.115300656172125,0.07324397713241369,0.4537210273278078,0.4346706302031446,"[[815, 466], [380, 902]]",43.25741720199585,/workspace/Sarcasm_detection/03_checkpoints/18_multiseed_cross_corpus/vanilla/banglasarc3_binary/best_by_validation,04_outputs/predictions/18_multiseed_cross_corpus/18_vanilla_banglasarc3_binary_seed42_to_ben_sarc_binary.csv
18_vanilla_banglasarc3_binary_seed42,vanilla,BanglaBERT standard classification head,False,,csebuetnlp/banglabert,banglasarc3_binary,banglasarc_binary,42,False,6328,791,464,24,28,436,0.7736983849184468,0.7737041719342604,0.6277175697865354,0.6422018348623854,0.6452334252270981,0.6266821946169772,0.6310575635876841,0.6777777777777778,0.5843373493975904,1.2991432076255847,0.14842770655252316,0.1190221736629215,0.5077910942215765,0.4820007303360315,"[[183, 87], [69, 97]]",43.25741720199585,/workspace/Sarcasm_detection/03_checkpoints/18_multiseed_cross_corpus/vanilla/banglasarc3_binary/best_by_validation,04_outputs/predictions/18_multiseed_cross_corpus/18_vanilla_banglasarc3_binary_seed42_to_banglasarc_binary.csv
18_vanilla_banglasarc3_binary_seed42,vanilla,BanglaBERT standard classification head,False,,csebuetnlp/banglabert,banglasarc3_binary,banglasarc3_binary,42,True,6328,791,791,0,0,791,0.7736983849184468,0.7737041719342604,0.7661053792486154,0.7661188369152971,0.7661076221930624,0.7661615192787263,0.7661104718066744,0.7727272727272727,0.759493670886076,1.2991432076255847,0.06901173791590805,0.04623267604154254,0.333785507513518,0.32689244537841544,"[[306, 90], [95, 300]]",43.25741720199585,/workspace/Sarcasm_detection/03_checkpoints/18_multiseed_cross_corpus/vanilla/banglasarc3_binary/best_by_validation,04_outputs/predictions/18_multiseed_cross_corpus/18_vanilla_banglasarc3_binary_seed42_to_banglasarc3_binary.csv
18_vanilla_banglasarc3_binary_seed1,vanilla,BanglaBERT standard classification head,False,,csebuetnlp/banglabert,banglasarc3_binary,ben_sarc_binary,1,False,6328,791,2563,0,0,2563,0.7529684863939008,0.7547408343868521,0.6702313380060057,0.6746000780335544,0.6702461472942346,0.684287874346196,0.6745552726090308,0.5597189695550351,0.7893915756630265,1.3525704989069034,0.12067215774980376,0.06769631676074127,0.44871316896029817,0.42677558527969495,"[[717, 564], [270, 1012]]",44.0145788192749,/workspace/Sarcasm_detection/03_checkpoints/18_multiseed_cross_corpus/vanilla/banglasarc3_binary/best_by_validation,04_outputs/predictions/18_multiseed_cross_corpus/18_vanilla_banglasarc3_binary_seed1_to_ben_sarc_binary.csv
18_vanilla_banglasarc3_binary_seed1,vanilla,BanglaBERT standard classification head,False,,csebuetnlp/banglabert,banglasarc3_binary,banglasarc_binary,1,False,6328,791,464,24,28,436,0.7529684863939008,0.7547408343868521,0.6538852926289991,0.658256880733945,0.6631637653415372,0.6599284436493739,0.6695448460508702,0.6222222222222222,0.7168674698795181,1.3525704989069034,0.16655282704157118,0.1134942651380412,0.5034077805574183,0.47296038155322667,"[[168, 102], [47, 119]]",44.0145788192749,/workspace/Sarcasm_detection/03_checkpoints/18_multiseed_cross_corpus/vanilla/banglasarc3_binary/best_by_validation,04_outputs/predictions/18_multiseed_cross_corpus/18_vanilla_banglasarc3_binary_seed1_to_banglasarc_binary.csv
18_vanilla_banglasarc3_binary_seed1,vanilla,BanglaBERT standard classification head,False,,csebuetnlp/banglabert,banglasarc3_binary,banglasarc3_binary,1,True,6328,791,791,0,0,791,0.7529684863939008,0.7547408343868521,0.7464339275847682,0.7484197218710493,0.7464055590949642,0.7566886761307362,0.7485327963176065,0.6590909090909091,0.8379746835443038,1.3525704989069034,0.07965203606879498,0.04593424417811599,0.3469753140290135,0.33836200074334405,"[[261, 135], [64, 331]]",44.0145788192749,/workspace/Sarcasm_detection/03_checkpoints/18_multiseed_cross_corpus/vanilla/banglasarc3_binary/best_by_validation,04_outputs/predictions/18_multiseed_cross_corpus/18_vanilla_banglasarc3_binary_seed1_to_banglasarc3_binary.csv
18_vanilla_banglasarc3_binary_seed7,vanilla,BanglaBERT standard classification head,False,,csebuetnlp/banglabert,banglasarc3_binary,ben_sarc_binary,7,False,6328,791,2563,0,0,2563,0.7533189078190445,0.7534766118836915,0.6724928885641777,0.6726492391728444,0.6724900965890228,0.6729941124431835,0.6726578665020138,0.6947697111631538,0.6505460218408736,2.4008828236109,0.22057706062525873,0.07187105575909772,0.5310398658977369,0.43828419553485776,"[[890, 391], [448, 834]]",64.62780213356018,/workspace/Sarcasm_detection/03_checkpoints/18_multiseed_cross_corpus/vanilla/banglasarc3_binary/best_by_validation,04_outputs/predictions/18_multiseed_cross_corpus/18_vanilla_banglasarc3_binary_seed7_to_ben_sarc_binary.csv
18_vanilla_banglasarc3_binary_seed7,vanilla,BanglaBERT standard classification head,False,,csebuetnlp/banglabert,banglasarc3_binary,banglasarc_binary,7,False,6328,791,464,24,28,436,0.7533189078190445,0.7534766118836915,0.6888638497652582,0.694954128440367,0.6992472757031486,0.6903547414792488,0.7014948683623382,0.674074074074074,0.7289156626506024,2.4008828236109,0.2110391951939868,0.0642171882419055,0.5044018884801686,0.4179115968267576,"[[182, 88], [45, 121]]",64.62780213356018,/workspace/Sarcasm_detection/03_checkpoints/18_multiseed_cross_corpus/vanilla/banglasarc3_binary/best_by_validation,04_outputs/predictions/18_multiseed_cross_corpus/18_vanilla_banglasarc3_binary_seed7_to_banglasarc_binary.csv
18_vanilla_banglasarc3_binary_seed7,vanilla,BanglaBERT standard classification head,False,,csebuetnlp/banglabert,banglasarc3_binary,banglasarc3_binary,7,True,6328,791,791,0,0,791,0.7533189078190445,0.7534766118836915,0.7671504633184867,0.7673830594184576,0.7671597671624855,0.7683737646001797,0.7673443293696458,0.797979797979798,0.7367088607594937,2.4008828236109,0.15127856771152953,0.03722133666794881,0.38413132995204236,0.3345588550692035,"[[316, 80], [104, 291]]",64.62780213356018,/workspace/Sarcasm_detection/03_checkpoints/18_multiseed_cross_corpus/vanilla/banglasarc3_binary/best_by_validation,04_outputs/predictions/18_multiseed_cross_corpus/18_vanilla_banglasarc3_binary_seed7_to_banglasarc3_binary.csv
18_vanilla_banglasarc3_binary_seed123,vanilla,BanglaBERT standard classification head,False,,csebuetnlp/banglabert,banglasarc3_binary,ben_sarc_binary,123,False,6328,791,2563,0,0,2563,0.7610237523198435,0.7610619469026548,0.6542961447353197,0.6543113538821693,0.6542952500796227,0.6543428002065854,0.6543140414141155,0.6612021857923497,0.6474258970358814,1.7401103507774573,0.1865801331323784,0.08977092038818205,0.5052870744424429,0.4482117429700436,"[[847, 434], [452, 830]]",56.82760953903198,/workspace/Sarcasm_detection/03_checkpoints/18_multiseed_cross_corpus/vanilla/banglasarc3_binary/best_by_validation,04_outputs/predictions/18_multiseed_cross_corpus/18_vanilla_banglasarc3_binary_seed123_to_ben_sarc_binary.csv
18_vanilla_banglasarc3_binary_seed123,vanilla,BanglaBERT standard classification head,False,,csebuetnlp/banglabert,banglasarc3_binary,banglasarc_binary,123,False,6328,791,464,24,28,436,0.7610237523198435,0.7610619469026548,0.6015239605355884,0.6192660550458715,0.6215802412863433,0.6007751937984496,0.6032574743418118,0.6703703703703704,0.536144578313253,1.7401103507774573,0.2273122483354153,0.13255322092211835,0.5715786224868553,0.49682978896474816,"[[181, 89], [77, 89]]",56.82760953903198,/workspace/Sarcasm_detection/03_checkpoints/18_multiseed_cross_corpus/vanilla/banglasarc3_binary/best_by_validation,04_outputs/predictions/18_multiseed_cross_corpus/18_vanilla_banglasarc3_binary_seed123_to_banglasarc_binary.csv
18_vanilla_banglasarc3_binary_seed123,vanilla,BanglaBERT standard classification head,False,,csebuetnlp/banglabert,banglasarc3_binary,banglasarc3_binary,123,True,6328,791,791,0,0,791,0.7610237523198435,0.7610619469026548,0.7593789225606475,0.7597977243994943,0.7593916135254613,0.7615116758064931,0.7597461961386012,0.8005050505050505,0.7189873417721518,1.7401103507774573,0.11642771451752663,0.0432602759231859,0.36155289514206745,0.3339272858004451,"[[317, 79], [111, 284]]",56.82760953903198,/workspace/Sarcasm_detection/03_checkpoints/18_multiseed_cross_corpus/vanilla/banglasarc3_binary/best_by_validation,04_outputs/predictions/18_multiseed_cross_corpus/18_vanilla_banglasarc3_binary_seed123_to_banglasarc3_binary.csv
18_vanilla_banglasarc3_binary_seed2024,vanilla,BanglaBERT standard classification head,False,,csebuetnlp/banglabert,banglasarc3_binary,ben_sarc_binary,2024,False,6328,791,2563,0,0,2563,0.7582723338213294,0.7585335018963337,0.6710739493549076,0.6718689036285603,0.6710802585158097,0.6735139182977845,0.6718498248126646,0.6229508196721312,0.7207488299531981,2.507431301094775,0.22782105163436178,0.07249503988691519,0.5246809880394597,0.4261345127479085,"[[798, 483], [358, 924]]",69.54331970214844,/workspace/Sarcasm_detection/03_checkpoints/18_multiseed_cross_corpus/vanilla/banglasarc3_binary/best_by_validation,04_outputs/predictions/18_multiseed_cross_corpus/18_vanilla_banglasarc3_binary_seed2024_to_ben_sarc_binary.csv
18_vanilla_banglasarc3_binary_seed2024,vanilla,BanglaBERT standard classification head,False,,csebuetnlp/banglabert,banglasarc3_binary,banglasarc_binary,2024,False,6328,791,464,24,28,436,0.7582723338213294,0.7585335018963337,0.6353629913400058,0.6444954128440367,0.6491278005634725,0.636022017571716,0.643351182507809,0.6481481481481481,0.6385542168674698,2.507431301094775,0.2628563145394431,0.11671971362741987,0.5980995949673138,0.48079020656840266,"[[175, 95], [60, 106]]",69.54331970214844,/workspace/Sarcasm_detection/03_checkpoints/18_multiseed_cross_corpus/vanilla/banglasarc3_binary/best_by_validation,04_outputs/predictions/18_multiseed_cross_corpus/18_vanilla_banglasarc3_binary_seed2024_to_banglasarc_binary.csv
18_vanilla_banglasarc3_binary_seed2024,vanilla,BanglaBERT standard classification head,False,,csebuetnlp/banglabert,banglasarc3_binary,banglasarc3_binary,2024,True,6328,791,791,0,0,791,0.7582723338213294,0.7585335018963337,0.7635767887540059,0.7635903919089759,0.763574521561511,0.7636719998976839,0.7636012018923412,0.7550505050505051,0.7721518987341772,2.507431301094775,0.1596511671382909,0.05651390288060204,0.3912392591850401,0.33411254031869925,"[[299, 97], [90, 305]]",69.54331970214844,/workspace/Sarcasm_detection/03_checkpoints/18_multiseed_cross_corpus/vanilla/banglasarc3_binary/best_by_validation,04_outputs/predictions/18_multiseed_cross_corpus/18_vanilla_banglasarc3_binary_seed2024_to_banglasarc3_binary.csv
18_fgm_ben_sarc_binary_seed42,fgm,BanglaBERT standard classification head,True,0.5,csebuetnlp/banglabert,ben_sarc_binary,ben_sarc_binary,42,True,20498,2562,2563,0,0,2563,0.7997284315911071,0.7997658079625293,0.7993401010898598,0.7994537651190011,0.7993382377451197,0.8001544132905289,0.7994631729063073,0.8235753317720531,0.7753510140405616,2.1619401374246965,0.12368256740302028,0.026598920152172762,0.32589224883343265,0.28992770909379095,"[[1055, 226], [288, 994]]",311.80988574028015,/workspace/Sarcasm_detection/03_checkpoints/18_multiseed_cross_corpus/fgm/ben_sarc_binary/best_by_validation,04_outputs/predictions/18_multiseed_cross_corpus/18_fgm_ben_sarc_binary_seed42_to_ben_sarc_binary.csv
18_fgm_ben_sarc_binary_seed42,fgm,BanglaBERT standard classification head,True,0.5,csebuetnlp/banglabert,ben_sarc_binary,banglasarc_binary,42,False,20498,2562,464,0,0,464,0.7997284315911071,0.7997658079625293,0.650987864807943,0.6767241379310345,0.6779496747464198,0.6499681427206117,0.6522600468990054,0.738255033557047,0.5662650602409639,2.1619401374246965,0.24678722084466298,0.13156620953652992,0.5521566438912444,0.45537658115923035,"[[220, 78], [72, 94]]",311.80988574028015,/workspace/Sarcasm_detection/03_checkpoints/18_multiseed_cross_corpus/fgm/ben_sarc_binary/best_by_validation,04_outputs/predictions/18_multiseed_cross_corpus/18_fgm_ben_sarc_binary_seed42_to_banglasarc_binary.csv
18_fgm_ben_sarc_binary_seed42,fgm,BanglaBERT standard classification head,True,0.5,csebuetnlp/banglabert,ben_sarc_binary,banglasarc3_binary,42,False,20498,2562,791,0,0,791,0.7997284315911071,0.7997658079625293,0.6583710841523341,0.6586599241466498,0.6583836424129565,0.65913901253255,0.658624216852065,0.6868686868686869,0.6303797468354431,2.1619401374246965,0.2548270605267655,0.13687153992507184,0.5706549485965715,0.4679394932856656,"[[272, 124], [146, 249]]",311.80988574028015,/workspace/Sarcasm_detection/03_checkpoints/18_multiseed_cross_corpus/fgm/ben_sarc_binary/best_by_validation,04_outputs/predictions/18_multiseed_cross_corpus/18_fgm_ben_sarc_binary_seed42_to_banglasarc3_binary.csv
18_fgm_ben_sarc_binary_seed1,fgm,BanglaBERT standard classification head,True,0.5,csebuetnlp/banglabert,ben_sarc_binary,ben_sarc_binary,1,True,20498,2562,2563,0,0,2563,0.8118492190171116,0.8118657298985168,0.8033099005884783,0.8033554428404214,0.8033110683385281,0.8036236256369,0.8033496281303243,0.7884465261514442,0.8182527301092044,0.9557801375490526,0.01908787553582643,0.015650497653404885,0.27295379930025315,0.2729137843327896,"[[1010, 271], [233, 1049]]",202.57946681976318,/workspace/Sarcasm_detection/03_checkpoints/18_multiseed_cross_corpus/fgm/ben_sarc_binary/best_by_validation,04_outputs/predictions/18_multiseed_cross_corpus/18_fgm_ben_sarc_binary_seed1_to_ben_sarc_binary.csv
18_fgm_ben_sarc_binary_seed1,fgm,BanglaBERT standard classification head,True,0.5,csebuetnlp/banglabert,ben_sarc_binary,banglasarc_binary,1,False,20498,2562,464,0,0,464,0.8118492190171116,0.8118657298985168,0.5933391761612621,0.6293103448275862,0.6277463809725287,0.5942434210526316,0.5926659658769305,0.7214765100671141,0.463855421686747,0.9557801375490526,0.15690970792337827,0.16636891355800348,0.49116847777377143,0.4964352659091615,"[[215, 83], [89, 77]]",202.57946681976318,/workspace/Sarcasm_detection/03_checkpoints/18_multiseed_cross_corpus/fgm/ben_sarc_binary/best_by_validation,04_outputs/predictions/18_multiseed_cross_corpus/18_fgm_ben_sarc_binary_seed1_to_banglasarc_binary.csv
18_fgm_ben_sarc_binary_seed1,fgm,BanglaBERT standard classification head,True,0.5,csebuetnlp/banglabert,ben_sarc_binary,banglasarc3_binary,1,False,20498,2562,791,0,0,791,0.8118492190171116,0.8118657298985168,0.6509803169243755,0.6510745891276865,0.6509730652164285,0.6512724177216811,0.6510964071090654,0.6338383838383839,0.6683544303797468,0.9557801375490526,0.13834069518120912,0.143787491964133,0.4699314170303824,0.47444298758137426,"[[251, 145], [131, 264]]",202.57946681976318,/workspace/Sarcasm_detection/03_checkpoints/18_multiseed_cross_corpus/fgm/ben_sarc_binary/best_by_validation,04_outputs/predictions/18_multiseed_cross_corpus/18_fgm_ben_sarc_binary_seed1_to_banglasarc3_binary.csv
18_fgm_ben_sarc_binary_seed7,fgm,BanglaBERT standard classification head,True,0.5,csebuetnlp/banglabert,ben_sarc_binary,ben_sarc_binary,7,True,20498,2562,2563,0,0,2563,0.7989660256651501,0.7989851678376269,0.794728972531823,0.794771751853297,0.7947301287297006,0.7950055152324016,0.7947662402983239,0.78064012490242,0.8088923556942278,0.878149493489612,0.023988713942199893,0.02413225124867389,0.28792338395411426,0.28756830901636354,"[[1000, 281], [245, 1037]]",149.32849740982056,/workspace/Sarcasm_detection/03_checkpoints/18_multiseed_cross_corpus/fgm/ben_sarc_binary/best_by_validation,04_outputs/predictions/18_multiseed_cross_corpus/18_fgm_ben_sarc_binary_seed7_to_ben_sarc_binary.csv
18_fgm_ben_sarc_binary_seed7,fgm,BanglaBERT standard classification head,True,0.5,csebuetnlp/banglabert,ben_sarc_binary,banglasarc_binary,7,False,20498,2562,464,0,0,464,0.7989660256651501,0.7989851678376269,0.5862493081606297,0.625,0.622271078039481,0.5878288378288379,0.5853076736476106,0.7248322147651006,0.4457831325301205,0.878149493489612,0.14394332844118188,0.16098287937796624,0.4814995061058309,0.4964526336164928,"[[216, 82], [92, 74]]",149.32849740982056,/workspace/Sarcasm_detection/03_checkpoints/18_multiseed_cross_corpus/fgm/ben_sarc_binary/best_by_validation,04_outputs/predictions/18_multiseed_cross_corpus/18_fgm_ben_sarc_binary_seed7_to_banglasarc_binary.csv
18_fgm_ben_sarc_binary_seed7,fgm,BanglaBERT standard classification head,True,0.5,csebuetnlp/banglabert,ben_sarc_binary,banglasarc3_binary,7,False,20498,2562,791,0,0,791,0.7989660256651501,0.7989851678376269,0.648545582406342,0.6485461441213654,0.6485450206913185,0.6485506783106803,0.6485487789285258,0.6464646464646465,0.6506329113924051,0.878149493489612,0.11856622898028313,0.1383026679446616,0.46024092939514316,0.4723337900536967,"[[256, 140], [138, 257]]",149.32849740982056,/workspace/Sarcasm_detection/03_checkpoints/18_multiseed_cross_corpus/fgm/ben_sarc_binary/best_by_validation,04_outputs/predictions/18_multiseed_cross_corpus/18_fgm_ben_sarc_binary_seed7_to_banglasarc3_binary.csv
18_fgm_ben_sarc_binary_seed123,fgm,BanglaBERT standard classification head,True,0.5,csebuetnlp/banglabert,ben_sarc_binary,ben_sarc_binary,123,True,20498,2562,2563,0,0,2563,0.8039846714331698,0.8040593286494926,0.7993166252315491,0.7994537651190011,0.7993145783675573,0.8002971876171623,0.799464086291789,0.8259172521467604,0.7730109204368175,1.1026411343341702,0.027476187258159115,0.020613133120561143,0.28134345186362525,0.2805614733680177,"[[1058, 223], [291, 991]]",198.31039118766785,/workspace/Sarcasm_detection/03_checkpoints/18_multiseed_cross_corpus/fgm/ben_sarc_binary/best_by_validation,04_outputs/predictions/18_multiseed_cross_corpus/18_fgm_ben_sarc_binary_seed123_to_ben_sarc_binary.csv
18_fgm_ben_sarc_binary_seed123,fgm,BanglaBERT standard classification head,True,0.5,csebuetnlp/banglabert,ben_sarc_binary,banglasarc_binary,123,False,20498,2562,464,0,0,464,0.8039846714331698,0.8040593286494926,0.5938993759548409,0.6357758620689655,0.630998007948562,0.5973473953339725,0.5923627395487993,0.7449664429530202,0.4397590361445783,1.1026411343341702,0.16503803055156005,0.16409985409731673,0.4823481484322616,0.47092297657366977,"[[222, 76], [93, 73]]",198.31039118766785,/workspace/Sarcasm_detection/03_checkpoints/18_multiseed_cross_corpus/fgm/ben_sarc_binary/best_by_validation,04_outputs/predictions/18_multiseed_cross_corpus/18_fgm_ben_sarc_binary_seed123_to_banglasarc_binary.csv
18_fgm_ben_sarc_binary_seed123,fgm,BanglaBERT standard classification head,True,0.5,csebuetnlp/banglabert,ben_sarc_binary,banglasarc3_binary,123,False,20498,2562,791,0,0,791,0.8039846714331698,0.8040593286494926,0.6521164084627551,0.6523388116308471,0.6521275286211597,0.6526788003076134,0.6523078890167497,0.6767676767676768,0.6278481012658228,1.1026411343341702,0.15447900925055277,0.1386616247083747,0.4847014722009275,0.4741348649496966,"[[268, 128], [147, 248]]",198.31039118766785,/workspace/Sarcasm_detection/03_checkpoints/18_multiseed_cross_corpus/fgm/ben_sarc_binary/best_by_validation,04_outputs/predictions/18_multiseed_cross_corpus/18_fgm_ben_sarc_binary_seed123_to_banglasarc3_binary.csv
18_fgm_ben_sarc_binary_seed2024,fgm,BanglaBERT standard classification head,True,0.5,csebuetnlp/banglabert,ben_sarc_binary,ben_sarc_binary,2024,True,20498,2562,2563,0,0,2563,0.8010649568777131,0.8013270882123341,0.7952940301383026,0.795552087397581,0.7952911943442446,0.7970805510842356,0.795566061518339,0.8313817330210773,0.7597503900156006,1.0799909934619127,0.025265145182780842,0.02032961382011512,0.28447075315537745,0.2839858326417273,"[[1065, 216], [308, 974]]",198.2996814250946,/workspace/Sarcasm_detection/03_checkpoints/18_multiseed_cross_corpus/fgm/ben_sarc_binary/best_by_validation,04_outputs/predictions/18_multiseed_cross_corpus/18_fgm_ben_sarc_binary_seed2024_to_ben_sarc_binary.csv
18_fgm_ben_sarc_binary_seed2024,fgm,BanglaBERT standard classification head,True,0.5,csebuetnlp/banglabert,ben_sarc_binary,banglasarc_binary,2024,False,20498,2562,464,0,0,464,0.8010649568777131,0.8013270882123341,0.553445241424781,0.6099137931034483,0.5986200827677147,0.5601730913386185,0.5535497695479906,0.7516778523489933,0.35542168674698793,1.0799909934619127,0.19771229821195027,0.18582154604156206,0.5169492451878243,0.5060971493694166,"[[224, 74], [107, 59]]",198.2996814250946,/workspace/Sarcasm_detection/03_checkpoints/18_multiseed_cross_corpus/fgm/ben_sarc_binary/best_by_validation,04_outputs/predictions/18_multiseed_cross_corpus/18_fgm_ben_sarc_binary_seed2024_to_banglasarc_binary.csv
18_fgm_ben_sarc_binary_seed2024,fgm,BanglaBERT standard classification head,True,0.5,csebuetnlp/banglabert,ben_sarc_binary,banglasarc3_binary,2024,False,20498,2562,791,0,0,791,0.8010649568777131,0.8013270882123341,0.6351055241609964,0.6359039190897599,0.6351271024023144,0.6370125348189415,0.6358457997698503,0.6818181818181818,0.589873417721519,1.0799909934619127,0.16090274488929285,0.14855690944322214,0.49013455529304195,0.4816007714659833,"[[270, 126], [162, 233]]",198.2996814250946,/workspace/Sarcasm_detection/03_checkpoints/18_multiseed_cross_corpus/fgm/ben_sarc_binary/best_by_validation,04_outputs/predictions/18_multiseed_cross_corpus/18_fgm_ben_sarc_binary_seed2024_to_banglasarc3_binary.csv
18_fgm_banglasarc_binary_seed42,fgm,BanglaBERT standard classification head,True,0.5,csebuetnlp/banglabert,banglasarc_binary,ben_sarc_binary,42,False,3708,463,2563,0,0,2563,0.9859866828087167,0.9870410367170627,0.349436832216803,0.49902458056964494,0.3493151172059382,0.49008592960205866,0.49921174832941795,0.9789227166276346,0.01950078003120125,1.3721973094667952,0.49468960823012975,0.4880868696180948,0.9916609607855755,0.9791336492847428,"[[1254, 27], [1257, 25]]",74.61661577224731,/workspace/Sarcasm_detection/03_checkpoints/18_multiseed_cross_corpus/fgm/banglasarc_binary/best_by_validation,04_outputs/predictions/18_multiseed_cross_corpus/18_fgm_banglasarc_binary_seed42_to_ben_sarc_binary.csv
18_fgm_banglasarc_binary_seed42,fgm,BanglaBERT standard classification head,True,0.5,csebuetnlp/banglabert,banglasarc_binary,banglasarc_binary,42,True,3708,463,464,0,0,464,0.9859866828087167,0.9870410367170627,0.9789234612764025,0.9806034482758621,0.9806162726041023,0.9782959333857537,0.9795625454839492,0.9832214765100671,0.9759036144578314,1.3721973094667952,0.014020059410812165,0.009313618058980422,0.028844730889810703,0.02736031971512166,"[[293, 5], [4, 162]]",74.61661577224731,/workspace/Sarcasm_detection/03_checkpoints/18_multiseed_cross_corpus/fgm/banglasarc_binary/best_by_validation,04_outputs/predictions/18_multiseed_cross_corpus/18_fgm_banglasarc_binary_seed42_to_banglasarc_binary.csv
18_fgm_banglasarc_binary_seed42,fgm,BanglaBERT standard classification head,True,0.5,csebuetnlp/banglabert,banglasarc_binary,banglasarc3_binary,42,False,3708,463,791,25,29,762,0.9859866828087167,0.9870410367170627,0.3392115976566379,0.484251968503937,0.3310860866848004,0.4569327731092437,0.4968909631120701,0.9784366576819407,0.015345268542199489,1.3721973094667952,0.5106211848609206,0.5040413636680549,1.0192601650372246,1.0056469254728753,"[[363, 8], [385, 6]]",74.61661577224731,/workspace/Sarcasm_detection/03_checkpoints/18_multiseed_cross_corpus/fgm/banglasarc_binary/best_by_validation,04_outputs/predictions/18_multiseed_cross_corpus/18_fgm_banglasarc_binary_seed42_to_banglasarc3_binary.csv
18_fgm_banglasarc_binary_seed1,fgm,BanglaBERT standard classification head,True,0.5,csebuetnlp/banglabert,banglasarc_binary,ben_sarc_binary,1,False,3708,463,2563,0,0,2563,0.9788418086267741,0.980561555075594,0.3418673206772885,0.49941474834178695,0.34174168477006006,0.49054357985746,0.4996057219337954,0.9890710382513661,0.01014040561622465,1.0264559570990106,0.4918977092854457,0.49118031406324136,0.9829386517181378,0.9815557934021677,"[[1267, 14], [1269, 13]]",54.17482042312622,/workspace/Sarcasm_detection/03_checkpoints/18_multiseed_cross_corpus/fgm/banglasarc_binary/best_by_validation,04_outputs/predictions/18_multiseed_cross_corpus/18_fgm_banglasarc_binary_seed1_to_ben_sarc_binary.csv
18_fgm_banglasarc_binary_seed1,fgm,BanglaBERT standard classification head,True,0.5,csebuetnlp/banglabert,banglasarc_binary,banglasarc_binary,1,True,3708,463,464,0,0,464,0.9788418086267741,0.980561555075594,0.9835633353069476,0.9849137931034483,0.9849036392854296,0.9842201276983886,0.9829182501819358,0.9899328859060402,0.9759036144578314,1.0264559570990106,0.010620839711249809,0.00840588457485764,0.02771800788791893,0.027670273653523488,"[[295, 3], [4, 162]]",54.17482042312622,/workspace/Sarcasm_detection/03_checkpoints/18_multiseed_cross_corpus/fgm/banglasarc_binary/best_by_validation,04_outputs/predictions/18_multiseed_cross_corpus/18_fgm_banglasarc_binary_seed1_to_banglasarc_binary.csv
18_fgm_banglasarc_binary_seed1,fgm,BanglaBERT standard classification head,True,0.5,csebuetnlp/banglabert,banglasarc_binary,banglasarc3_binary,1,False,3708,463,791,25,29,762,0.9788418086267741,0.980561555075594,0.33408728730787024,0.4868766404199475,0.32571526795926325,0.4933862433862434,0.49979319045091375,0.9919137466307277,0.0076726342710997444,1.0264559570990106,0.5055636804569944,0.5033082789710188,1.0084557082620949,1.0069919906223064,"[[368, 3], [388, 3]]",54.17482042312622,/workspace/Sarcasm_detection/03_checkpoints/18_multiseed_cross_corpus/fgm/banglasarc_binary/best_by_validation,04_outputs/predictions/18_multiseed_cross_corpus/18_fgm_banglasarc_binary_seed1_to_banglasarc3_binary.csv
18_fgm_banglasarc_binary_seed7,fgm,BanglaBERT standard classification head,True,0.5,csebuetnlp/banglabert,banglasarc_binary,ben_sarc_binary,7,False,3708,463,2563,0,0,2563,0.9882766408904688,0.9892008639308856,0.351595164227209,0.5021459227467812,0.351473260779015,0.5331053186160197,0.5023340043672004,0.9843871975019516,0.0202808112324493,1.3122591148112537,0.494301798797328,0.4903591123705489,0.9907003139381672,0.9845298784948531,"[[1261, 20], [1256, 26]]",86.47926616668701,/workspace/Sarcasm_detection/03_checkpoints/18_multiseed_cross_corpus/fgm/banglasarc_binary/best_by_validation,04_outputs/predictions/18_multiseed_cross_corpus/18_fgm_banglasarc_binary_seed7_to_ben_sarc_binary.csv
18_fgm_banglasarc_binary_seed7,fgm,BanglaBERT standard classification head,True,0.5,csebuetnlp/banglabert,banglasarc_binary,banglasarc_binary,7,True,3708,463,464,0,0,464,0.9882766408904688,0.9892008639308856,0.9835633353069476,0.9849137931034483,0.9849036392854296,0.9842201276983886,0.9829182501819358,0.9899328859060402,0.9759036144578314,1.3122591148112537,0.014386446615582499,0.011425765666394656,0.02688398470774488,0.026169442578016757,"[[295, 3], [4, 162]]",86.47926616668701,/workspace/Sarcasm_detection/03_checkpoints/18_multiseed_cross_corpus/fgm/banglasarc_binary/best_by_validation,04_outputs/predictions/18_multiseed_cross_corpus/18_fgm_banglasarc_binary_seed7_to_banglasarc_binary.csv
18_fgm_banglasarc_binary_seed7,fgm,BanglaBERT standard classification head,True,0.5,csebuetnlp/banglabert,banglasarc_binary,banglasarc3_binary,7,False,3708,463,791,25,29,762,0.9882766408904688,0.9892008639308856,0.3316130866067245,0.4816272965879265,0.323302050042669,0.3920212765957447,0.49440235487139894,0.9811320754716981,0.0076726342710997444,1.3122591148112537,0.5153166852500581,0.511787498068287,1.028216478898807,1.0205950565728696,"[[364, 7], [388, 3]]",86.47926616668701,/workspace/Sarcasm_detection/03_checkpoints/18_multiseed_cross_corpus/fgm/banglasarc_binary/best_by_validation,04_outputs/predictions/18_multiseed_cross_corpus/18_fgm_banglasarc_binary_seed7_to_banglasarc3_binary.csv
18_fgm_banglasarc_binary_seed123,fgm,BanglaBERT standard classification head,True,0.5,csebuetnlp/banglabert,banglasarc_binary,ben_sarc_binary,123,False,3708,463,2563,0,0,2563,0.9906089002474545,0.9913606911447084,0.3454973131070887,0.4974639094810769,0.34537426323148224,0.4666960321984419,0.497651990388749,0.9797033567525371,0.015600624024960999,1.2821911501259728,0.49908505742861586,0.4955271291635299,0.998311644649054,0.9919485207159259,"[[1255, 26], [1262, 20]]",86.24877166748047,/workspace/Sarcasm_detection/03_checkpoints/18_multiseed_cross_corpus/fgm/banglasarc_binary/best_by_validation,04_outputs/predictions/18_multiseed_cross_corpus/18_fgm_banglasarc_binary_seed123_to_ben_sarc_binary.csv
18_fgm_banglasarc_binary_seed123,fgm,BanglaBERT standard classification head,True,0.5,csebuetnlp/banglabert,banglasarc_binary,banglasarc_binary,123,True,3708,463,464,0,0,464,0.9906089002474545,0.9913606911447084,0.9834730087977733,0.9849137931034483,0.984861209734628,0.9869934198388783,0.9802498584943802,0.9966442953020134,0.963855421686747,1.2821911501259728,0.014052943603830118,0.010371098087716118,0.02966213665870089,0.028806199448854947,"[[297, 1], [6, 160]]",86.24877166748047,/workspace/Sarcasm_detection/03_checkpoints/18_multiseed_cross_corpus/fgm/banglasarc_binary/best_by_validation,04_outputs/predictions/18_multiseed_cross_corpus/18_fgm_banglasarc_binary_seed123_to_banglasarc_binary.csv
18_fgm_banglasarc_binary_seed123,fgm,BanglaBERT standard classification head,True,0.5,csebuetnlp/banglabert,banglasarc_binary,banglasarc3_binary,123,False,3708,463,791,25,29,762,0.9906089002474545,0.9913606911447084,0.33687085516391907,0.4881889763779528,0.3285566726796315,0.5294228949858089,0.5010719628294303,0.9919137466307277,0.010230179028132993,1.2821911501259728,0.5092519206046217,0.5061517784891758,1.0180663770975045,1.0120403070963928,"[[368, 3], [387, 4]]",86.24877166748047,/workspace/Sarcasm_detection/03_checkpoints/18_multiseed_cross_corpus/fgm/banglasarc_binary/best_by_validation,04_outputs/predictions/18_multiseed_cross_corpus/18_fgm_banglasarc_binary_seed123_to_banglasarc3_binary.csv
18_fgm_banglasarc_binary_seed2024,fgm,BanglaBERT standard classification head,True,0.5,csebuetnlp/banglabert,banglasarc_binary,ben_sarc_binary,2024,False,3708,463,2563,0,0,2563,0.9882766408904688,0.9892008639308856,0.34168467041144557,0.49902458056964494,0.3415590998526601,0.4818469991546915,0.49921540187134417,0.9882903981264637,0.01014040561622465,1.233923614259369,0.4986151727562723,0.4956738057542841,0.996562378422468,0.9913788656574393,"[[1266, 15], [1269, 13]]",75.45570731163025,/workspace/Sarcasm_detection/03_checkpoints/18_multiseed_cross_corpus/fgm/banglasarc_binary/best_by_validation,04_outputs/predictions/18_multiseed_cross_corpus/18_fgm_banglasarc_binary_seed2024_to_ben_sarc_binary.csv
18_fgm_banglasarc_binary_seed2024,fgm,BanglaBERT standard classification head,True,0.5,csebuetnlp/banglabert,banglasarc_binary,banglasarc_binary,2024,True,3708,463,464,0,0,464,0.9882766408904688,0.9892008639308856,0.9787510113114228,0.9806034482758621,0.9805358410873788,0.9822376647602649,0.9755599579526159,0.9932885906040269,0.9578313253012049,1.233923614259369,0.01712736953899635,0.013946640908133422,0.03286366961392032,0.03152280213286363,"[[296, 2], [7, 159]]",75.45570731163025,/workspace/Sarcasm_detection/03_checkpoints/18_multiseed_cross_corpus/fgm/banglasarc_binary/best_by_validation,04_outputs/predictions/18_multiseed_cross_corpus/18_fgm_banglasarc_binary_seed2024_to_banglasarc_binary.csv
18_fgm_banglasarc_binary_seed2024,fgm,BanglaBERT standard classification head,True,0.5,csebuetnlp/banglabert,banglasarc_binary,banglasarc3_binary,2024,False,3708,463,791,25,29,762,0.9882766408904688,0.9892008639308856,0.32848381563162204,0.484251968503937,0.31999508795465664,0.36774406332453824,0.4972356456938805,0.9919137466307277,0.0025575447570332483,1.233923614259369,0.5119527563093518,0.5091974553073194,1.0244712772681348,1.019064380866572,"[[368, 3], [390, 1]]",75.45570731163025,/workspace/Sarcasm_detection/03_checkpoints/18_multiseed_cross_corpus/fgm/banglasarc_binary/best_by_validation,04_outputs/predictions/18_multiseed_cross_corpus/18_fgm_banglasarc_binary_seed2024_to_banglasarc3_binary.csv
18_fgm_banglasarc3_binary_seed42,fgm,BanglaBERT standard classification head,True,0.5,csebuetnlp/banglabert,banglasarc3_binary,ben_sarc_binary,42,False,6328,791,2563,0,0,2563,0.7709872095117997,0.7724399494310998,0.6715615579090033,0.6777214202106906,0.6715791073742502,0.6920333923042901,0.6776680903301706,0.5409836065573771,0.8143525741029641,1.1483324777943351,0.09083885015611423,0.06763715604463362,0.43465754448368565,0.42615126423639393,"[[693, 588], [238, 1044]]",70.29743361473083,/workspace/Sarcasm_detection/03_checkpoints/18_multiseed_cross_corpus/fgm/banglasarc3_binary/best_by_validation,04_outputs/predictions/18_multiseed_cross_corpus/18_fgm_banglasarc3_binary_seed42_to_ben_sarc_binary.csv
18_fgm_banglasarc3_binary_seed42,fgm,BanglaBERT standard classification head,True,0.5,csebuetnlp/banglabert,banglasarc3_binary,banglasarc_binary,42,False,6328,791,464,24,28,436,0.7709872095117997,0.7724399494310998,0.6000106058597375,0.6032110091743119,0.6085450146986027,0.6107169253510717,0.6169790272199911,0.5592592592592592,0.6746987951807228,1.1483324777943351,0.1499702629199097,0.1298436192245472,0.5139683109376966,0.4996405059623752,"[[151, 119], [54, 112]]",70.29743361473083,/workspace/Sarcasm_detection/03_checkpoints/18_multiseed_cross_corpus/fgm/banglasarc3_binary/best_by_validation,04_outputs/predictions/18_multiseed_cross_corpus/18_fgm_banglasarc3_binary_seed42_to_banglasarc_binary.csv
18_fgm_banglasarc3_binary_seed42,fgm,BanglaBERT standard classification head,True,0.5,csebuetnlp/banglabert,banglasarc3_binary,banglasarc3_binary,42,True,6328,791,791,0,0,791,0.7709872095117997,0.7724399494310998,0.7623995052566481,0.7635903919089759,0.7623782394235709,0.7691740412979351,0.7636811149469378,0.6919191919191919,0.8354430379746836,1.1483324777943351,0.047031508715018315,0.0379136695040398,0.32128184505668517,0.31975520141640396,"[[274, 122], [65, 330]]",70.29743361473083,/workspace/Sarcasm_detection/03_checkpoints/18_multiseed_cross_corpus/fgm/banglasarc3_binary/best_by_validation,04_outputs/predictions/18_multiseed_cross_corpus/18_fgm_banglasarc3_binary_seed42_to_banglasarc3_binary.csv
18_fgm_banglasarc3_binary_seed1,fgm,BanglaBERT standard classification head,True,0.5,csebuetnlp/banglabert,banglasarc3_binary,ben_sarc_binary,1,False,6328,791,2563,0,0,2563,0.7657354356070611,0.7661188369152971,0.6733434632594297,0.6742099102614124,0.6733500272518689,0.6760435705714022,0.6741899184164089,0.6229508196721312,0.7254290171606864,1.4531159002140595,0.13693969040886228,0.07232547634852138,0.458944872149556,0.42957043995591077,"[[798, 483], [352, 930]]",87.68923020362854,/workspace/Sarcasm_detection/03_checkpoints/18_multiseed_cross_corpus/fgm/banglasarc3_binary/best_by_validation,04_outputs/predictions/18_multiseed_cross_corpus/18_fgm_banglasarc3_binary_seed1_to_ben_sarc_binary.csv
18_fgm_banglasarc3_binary_seed1,fgm,BanglaBERT standard classification head,True,0.5,csebuetnlp/banglabert,banglasarc3_binary,banglasarc_binary,1,False,6328,791,464,24,28,436,0.7657354356070611,0.7661188369152971,0.6489476101699495,0.658256880733945,0.6625837247989007,0.6489939147212858,0.6567826863007586,0.662962962962963,0.6506024096385542,1.4531159002140595,0.17645136150317509,0.12340318319933355,0.5233394561913616,0.48186588219622406,"[[179, 91], [58, 108]]",87.68923020362854,/workspace/Sarcasm_detection/03_checkpoints/18_multiseed_cross_corpus/fgm/banglasarc3_binary/best_by_validation,04_outputs/predictions/18_multiseed_cross_corpus/18_fgm_banglasarc3_binary_seed1_to_banglasarc_binary.csv
18_fgm_banglasarc3_binary_seed1,fgm,BanglaBERT standard classification head,True,0.5,csebuetnlp/banglabert,banglasarc3_binary,banglasarc3_binary,1,True,6328,791,791,0,0,791,0.7657354356070611,0.7661188369152971,0.7661053792486154,0.7661188369152971,0.7661031363041685,0.7662011280359129,0.7661296509397775,0.7575757575757576,0.7746835443037975,1.4531159002140595,0.06956731608873502,0.03561389678727518,0.3266374375146594,0.3164366218545241,"[[300, 96], [89, 306]]",87.68923020362854,/workspace/Sarcasm_detection/03_checkpoints/18_multiseed_cross_corpus/fgm/banglasarc3_binary/best_by_validation,04_outputs/predictions/18_multiseed_cross_corpus/18_fgm_banglasarc3_binary_seed1_to_banglasarc3_binary.csv
18_fgm_banglasarc3_binary_seed7,fgm,BanglaBERT standard classification head,True,0.5,csebuetnlp/banglabert,banglasarc3_binary,ben_sarc_binary,7,False,6328,791,2563,0,0,2563,0.7559488887148162,0.7560050568900126,0.6752562488898105,0.6757705813499805,0.6752612913649102,0.6768646518867115,0.6757551566699671,0.6362217017954723,0.7152886115444618,1.5818630088765862,0.14127601074454946,0.060962723801896865,0.4604723743048249,0.4251808657859137,"[[815, 466], [365, 917]]",87.40963912010193,/workspace/Sarcasm_detection/03_checkpoints/18_multiseed_cross_corpus/fgm/banglasarc3_binary/best_by_validation,04_outputs/predictions/18_multiseed_cross_corpus/18_fgm_banglasarc3_binary_seed7_to_ben_sarc_binary.csv
18_fgm_banglasarc3_binary_seed7,fgm,BanglaBERT standard classification head,True,0.5,csebuetnlp/banglabert,banglasarc3_binary,banglasarc_binary,7,False,6328,791,464,24,28,436,0.7559488887148162,0.7560050568900126,0.6698970321017566,0.6788990825688074,0.6828999938874967,0.6693829046770223,0.6780901383311022,0.6814814814814815,0.6746987951807228,1.5818630088765862,0.14844120913176392,0.08499511605006514,0.47406796640283766,0.4360676825591004,"[[184, 86], [54, 112]]",87.40963912010193,/workspace/Sarcasm_detection/03_checkpoints/18_multiseed_cross_corpus/fgm/banglasarc3_binary/best_by_validation,04_outputs/predictions/18_multiseed_cross_corpus/18_fgm_banglasarc3_binary_seed7_to_banglasarc_binary.csv
18_fgm_banglasarc3_binary_seed7,fgm,BanglaBERT standard classification head,True,0.5,csebuetnlp/banglabert,banglasarc3_binary,banglasarc3_binary,7,True,6328,791,791,0,0,791,0.7559488887148162,0.7560050568900126,0.7521929824561404,0.7522123893805309,0.7521957548739104,0.7522701403010654,0.7522024037846822,0.76010101010101,0.7443037974683544,1.5818630088765862,0.09333226471427039,0.029599051680744354,0.34592249124210817,0.3291771398511283,"[[301, 95], [101, 294]]",87.40963912010193,/workspace/Sarcasm_detection/03_checkpoints/18_multiseed_cross_corpus/fgm/banglasarc3_binary/best_by_validation,04_outputs/predictions/18_multiseed_cross_corpus/18_fgm_banglasarc3_binary_seed7_to_banglasarc3_binary.csv
18_fgm_banglasarc3_binary_seed123,fgm,BanglaBERT standard classification head,True,0.5,csebuetnlp/banglabert,banglasarc3_binary,ben_sarc_binary,123,False,6328,791,2563,0,0,2563,0.7540801282051282,0.7547408343868521,0.6624206201886614,0.6644557159578619,0.662430846800567,0.6684675326295826,0.6644255231567576,0.5870413739266198,0.7418096723868954,0.8847534784191589,0.03900498482589502,0.057697199995441345,0.4260765301970658,0.4299910499922798,"[[752, 529], [331, 951]]",52.40641164779663,/workspace/Sarcasm_detection/03_checkpoints/18_multiseed_cross_corpus/fgm/banglasarc3_binary/best_by_validation,04_outputs/predictions/18_multiseed_cross_corpus/18_fgm_banglasarc3_binary_seed123_to_ben_sarc_binary.csv
18_fgm_banglasarc3_binary_seed123,fgm,BanglaBERT standard classification head,True,0.5,csebuetnlp/banglabert,banglasarc3_binary,banglasarc_binary,123,False,6328,791,464,24,28,436,0.7540801282051282,0.7547408343868521,0.5544077891821798,0.573394495412844,0.5763479830487251,0.5542534722222222,0.5557786702365015,0.6296296296296297,0.4819277108433735,0.8847534784191589,0.13279416177362172,0.14217574901381003,0.515739190550882,0.5274980674243166,"[[170, 100], [86, 80]]",52.40641164779663,/workspace/Sarcasm_detection/03_checkpoints/18_multiseed_cross_corpus/fgm/banglasarc3_binary/best_by_validation,04_outputs/predictions/18_multiseed_cross_corpus/18_fgm_banglasarc3_binary_seed123_to_banglasarc_binary.csv
18_fgm_banglasarc3_binary_seed123,fgm,BanglaBERT standard classification head,True,0.5,csebuetnlp/banglabert,banglasarc3_binary,banglasarc3_binary,123,True,6328,791,791,0,0,791,0.7540801282051282,0.7547408343868521,0.7482893771077961,0.7484197218710493,0.7482821357320597,0.7489940926972412,0.7484496867408259,0.7247474747474747,0.7721518987341772,0.8847534784191589,0.039259747129819875,0.03768325947050747,0.33835451943653494,0.3369832505979033,"[[287, 109], [90, 305]]",52.40641164779663,/workspace/Sarcasm_detection/03_checkpoints/18_multiseed_cross_corpus/fgm/banglasarc3_binary/best_by_validation,04_outputs/predictions/18_multiseed_cross_corpus/18_fgm_banglasarc3_binary_seed123_to_banglasarc3_binary.csv
18_fgm_banglasarc3_binary_seed2024,fgm,BanglaBERT standard classification head,True,0.5,csebuetnlp/banglabert,banglasarc3_binary,ben_sarc_binary,2024,False,6328,791,2563,0,0,2563,0.7623075546007877,0.7623261694058154,0.667260931734486,0.667577058134998,0.6672649333344925,0.668196237347807,0.6675651335186897,0.6370023419203747,0.6981279251170047,2.1440729448934195,0.2017640095098784,0.06994252443666378,0.5110945319747127,0.43661744355861404,"[[816, 465], [387, 895]]",103.86355209350586,/workspace/Sarcasm_detection/03_checkpoints/18_multiseed_cross_corpus/fgm/banglasarc3_binary/best_by_validation,04_outputs/predictions/18_multiseed_cross_corpus/18_fgm_banglasarc3_binary_seed2024_to_ben_sarc_binary.csv
18_fgm_banglasarc3_binary_seed2024,fgm,BanglaBERT standard classification head,True,0.5,csebuetnlp/banglabert,banglasarc3_binary,banglasarc_binary,2024,False,6328,791,464,24,28,436,0.7623075546007877,0.7623261694058154,0.6457588560285993,0.6559633027522935,0.6601002406132508,0.6454081632653061,0.6526104417670682,0.6666666666666666,0.6385542168674698,2.1440729448934195,0.21635393924464236,0.09185994174762382,0.541828781432933,0.45687654977131686,"[[180, 90], [60, 106]]",103.86355209350586,/workspace/Sarcasm_detection/03_checkpoints/18_multiseed_cross_corpus/fgm/banglasarc3_binary/best_by_validation,04_outputs/predictions/18_multiseed_cross_corpus/18_fgm_banglasarc3_binary_seed2024_to_banglasarc_binary.csv
18_fgm_banglasarc3_binary_seed2024,fgm,BanglaBERT standard classification head,True,0.5,csebuetnlp/banglabert,banglasarc3_binary,banglasarc3_binary,2024,True,6328,791,791,0,0,791,0.7623075546007877,0.7623261694058154,0.768633969743225,0.7686472819216182,0.7686361884396239,0.768690453353795,0.7686389208541107,0.7752525252525253,0.7620253164556962,2.1440729448934195,0.12959951161452987,0.049055596966772884,0.3569659080376162,0.3231214223108823,"[[307, 89], [94, 301]]",103.86355209350586,/workspace/Sarcasm_detection/03_checkpoints/18_multiseed_cross_corpus/fgm/banglasarc3_binary/best_by_validation,04_outputs/predictions/18_multiseed_cross_corpus/18_fgm_banglasarc3_binary_seed2024_to_banglasarc3_binary.csv
